{
    // Use IntelliSense to learn about possible attributes.
    // Hover to view descriptions of existing attributes.
    // For more information, visit: https://go.microsoft.com/fwlink/?linkid=830387
    "version": "0.2.0",
    "configurations": [
        {
            "name": "Python: Flask",
            "type": "python",
            "request": "launch",
            "module": "flask",
            "cwd": "${workspaceFolder}/demo-in-a-box/democonsole",
            "env": {
                "FLASK_APP": "app.py",
                "FLASK_DEBUG": "1"
            },
            "args": [
                "run",
                "--no-debugger",
                "--no-reload",
                "-p 8081",
                "--host=0.0.0.0"
            ],
            "jinja": true,
            "justMyCode": true
        }
    ]
}